epoch,time,train/box_loss,train/cls_loss,train/dfl_loss,metrics/precision(B),metrics/recall(B),metrics/mAP50(B),metrics/mAP50-95(B),val/box_loss,val/cls_loss,val/dfl_loss,lr/pg0,lr/pg1,lr/pg2
1,1.68644,1.90819,3.82722,1.88956,0.00342,0.49697,0.00952,0.003,1.43371,3.48988,1.51288,0.00011669,0.00011669,0.00011669
2,2.85971,1.31076,3.01769,1.39526,0.00645,0.975,0.20375,0.1498,0.95538,3.11977,1.19135,0.000249225,0.000249225,0.000249225
3,4.0099,1.10417,1.76895,1.29543,0.0068,0.98333,0.26388,0.21202,0.93388,3.06689,1.21662,0.000380879,0.000380879,0.000380879
4,5.15292,1.07146,1.46412,1.2163,0.00707,1,0.25508,0.18624,0.92209,3.05224,1.21766,0.000511654,0.000511654,0.000511654
5,6.27398,1.05872,1.35493,1.19714,0.9508,0.15278,0.38443,0.27937,1.00483,3.06988,1.25935,0.000641548,0.000641548,0.000641548
6,7.41069,1.02489,1.17044,1.16957,1,0.10282,0.62414,0.44089,1.05065,2.90744,1.35471,0.000770562,0.000770562,0.000770562
7,8.55658,1.02201,1.15449,1.17661,0.00691,0.85833,0.45216,0.31563,1.07414,3.03134,1.3695,0.000898696,0.000898696,0.000898696
8,9.68867,0.98437,1.13101,1.13811,0.84225,0.27167,0.63725,0.50271,0.99332,2.6778,1.1825,0.00102595,0.00102595,0.00102595
9,10.8332,1.00063,1.15094,1.13805,0.90302,0.23093,0.62545,0.48768,1.0033,2.70743,1.21868,0.00115232,0.00115232,0.00115232
10,11.9512,1.04023,1.14508,1.15581,0.74853,0.24056,0.67078,0.5109,1.16481,2.58067,1.30984,0.00127782,0.00127782,0.00127782
11,13.0981,1.03829,1.06639,1.13375,0.80215,0.51401,0.80687,0.62599,1.02061,2.05919,1.1512,0.00140243,0.00140243,0.00140243
12,14.2503,1.01381,1.01425,1.11216,0.9658,0.73333,0.85706,0.66616,1.05639,1.69548,1.14218,0.00152616,0.00152616,0.00152616
13,15.3893,1.015,1.04468,1.1446,0.87456,0.76174,0.90036,0.70715,0.99505,1.44529,1.12649,0.00160099,0.00160099,0.00160099
14,16.5344,1.00265,0.992,1.13266,0.96768,0.91591,0.96298,0.73969,0.94086,1.12507,1.08066,0.00159549,0.00159549,0.00159549
15,17.698,0.96743,0.96383,1.11475,0.93713,0.79767,0.97545,0.71236,1.04522,1.3051,1.1501,0.00158998,0.00158998,0.00158998
16,18.8072,0.94172,0.91274,1.09213,0.93655,0.95257,0.98622,0.73673,0.9086,1.06146,1.09481,0.00158448,0.00158448,0.00158448
17,19.9368,0.92688,0.90971,1.0913,0.96542,0.99696,0.99185,0.75479,0.86756,0.85653,1.0669,0.00157898,0.00157898,0.00157898
18,21.0769,0.94414,0.87915,1.11343,0.94791,0.98862,0.99313,0.77593,0.8718,0.82549,1.04836,0.00157348,0.00157348,0.00157348
19,22.2182,0.96424,0.91289,1.09215,0.96771,0.9925,0.99393,0.75361,0.84276,0.92873,1.05423,0.00156798,0.00156798,0.00156798
20,23.3439,0.96217,0.90254,1.10369,0.92384,0.92639,0.96905,0.74802,0.8572,0.78965,1.02977,0.00156248,0.00156248,0.00156248
21,24.4514,0.92451,0.85088,1.09452,0.93137,0.90058,0.97192,0.77714,0.79601,0.83347,1.0217,0.00155698,0.00155698,0.00155698
22,25.5807,0.89649,0.80717,1.06588,0.95382,0.97701,0.97889,0.74757,0.8468,0.68694,1.02722,0.00155148,0.00155148,0.00155148
23,26.6887,0.92536,0.81694,1.08215,0.95313,0.99167,0.98873,0.77064,0.79451,0.71008,1.03801,0.00154598,0.00154598,0.00154598
24,27.8238,0.93121,0.80424,1.08775,0.93276,0.96081,0.97674,0.74983,0.81469,0.83351,1.05047,0.00154047,0.00154047,0.00154047
25,28.9638,0.94338,0.80511,1.0975,0.94972,0.95472,0.9863,0.76867,0.83261,0.8149,1.04932,0.00153497,0.00153497,0.00153497
26,30.0872,0.89196,0.79563,1.08721,0.95823,0.94866,0.98003,0.76167,0.76415,0.87148,1.00179,0.00152947,0.00152947,0.00152947
27,31.2157,0.90297,0.79135,1.07931,0.95459,0.96856,0.97386,0.77788,0.74052,0.87061,1.00405,0.00152397,0.00152397,0.00152397
28,32.3368,0.92016,0.7734,1.09208,0.93182,0.98864,0.97263,0.76299,0.77309,0.76848,1.01089,0.00151847,0.00151847,0.00151847
29,33.4631,0.90471,0.76246,1.11119,0.97092,0.95029,0.98148,0.78756,0.74963,0.65999,0.9853,0.00151297,0.00151297,0.00151297
30,34.6123,0.91458,0.73899,1.07838,0.93392,0.94199,0.97269,0.77138,0.78426,0.79405,1.00167,0.00150747,0.00150747,0.00150747
31,35.7385,0.93057,0.81515,1.11192,0.97413,0.99741,0.9921,0.77108,0.75341,0.59162,0.99997,0.00150197,0.00150197,0.00150197
32,36.8567,0.90919,0.737,1.07308,0.96871,0.98333,0.99077,0.79651,0.71102,0.54287,0.99141,0.00149647,0.00149647,0.00149647
33,37.9847,0.91831,0.711,1.04989,0.95731,0.98669,0.98652,0.78167,0.77456,0.57076,1.00354,0.00149096,0.00149096,0.00149096
34,39.0913,0.90032,0.70484,1.06299,0.9629,0.98347,0.98887,0.79259,0.78585,0.61025,1.00638,0.00148546,0.00148546,0.00148546
35,40.2095,0.87961,0.67691,1.04166,0.96702,0.99888,0.99236,0.80565,0.70123,0.58846,0.9708,0.00147996,0.00147996,0.00147996
36,41.3371,0.85503,0.66683,1.04109,0.96901,0.99167,0.98522,0.78906,0.75345,0.59077,0.99364,0.00147446,0.00147446,0.00147446
37,42.4578,0.8477,0.65975,1.03188,0.96753,1,0.98986,0.78515,0.74524,0.57058,0.99059,0.00146896,0.00146896,0.00146896
38,43.5686,0.87973,0.67259,1.04092,0.95303,0.98786,0.98734,0.79913,0.73365,0.5736,0.96985,0.00146346,0.00146346,0.00146346
39,44.6762,0.83573,0.63705,1.02958,0.95146,0.99167,0.98833,0.80611,0.70336,0.56474,0.97386,0.00145796,0.00145796,0.00145796
40,45.7916,0.83436,0.64003,1.04427,0.94846,0.98497,0.97523,0.80399,0.72057,0.51467,0.96785,0.00145246,0.00145246,0.00145246
41,46.9047,0.80359,0.6336,1.0042,0.9565,1,0.98931,0.78045,0.771,0.54354,0.97654,0.00144696,0.00144696,0.00144696
42,48.0171,0.80453,0.61068,1.00424,0.9711,0.9992,0.9902,0.80174,0.71576,0.50598,0.96088,0.00144145,0.00144145,0.00144145
43,49.1257,0.79658,0.61087,1.01969,0.98609,1,0.99378,0.79941,0.78236,0.49598,0.97621,0.00143595,0.00143595,0.00143595
44,50.4642,0.79534,0.5977,1.01679,0.98669,1,0.995,0.79033,0.74253,0.50678,0.98547,0.00143045,0.00143045,0.00143045
45,51.5811,0.83968,0.61528,1.05338,0.97638,0.99167,0.99451,0.79891,0.717,0.5107,0.96699,0.00142495,0.00142495,0.00142495
46,52.6863,0.83035,0.6222,1.02515,0.95864,0.99167,0.9824,0.7839,0.72285,0.50953,0.97803,0.00141945,0.00141945,0.00141945
47,53.7907,0.79452,0.57254,1.01062,0.96497,0.98864,0.97533,0.78691,0.71156,0.54818,0.96398,0.00141395,0.00141395,0.00141395
48,54.8973,0.81263,0.62932,1.00934,0.9773,0.98864,0.98245,0.79032,0.69072,0.52477,0.962,0.00140845,0.00140845,0.00140845
49,56.0083,0.81512,0.58827,1.02742,0.98019,0.98864,0.98803,0.77298,0.68834,0.49932,0.96288,0.00140295,0.00140295,0.00140295
50,57.1232,0.84278,0.58973,1.01509,0.98026,0.98864,0.99075,0.77408,0.71156,0.52663,0.97369,0.00139745,0.00139745,0.00139745
51,58.2384,0.8423,0.60546,1.01464,0.97147,1,0.99411,0.79381,0.72872,0.55318,0.98091,0.00139195,0.00139195,0.00139195
52,59.3578,0.81729,0.57446,1.00761,0.98132,0.99892,0.99193,0.81179,0.69428,0.56449,0.95788,0.00138644,0.00138644,0.00138644
53,60.4892,0.81234,0.57916,1.03521,0.95442,0.99539,0.98939,0.80575,0.69664,0.59952,0.94591,0.00138094,0.00138094,0.00138094
54,61.5947,0.7742,0.55077,1.01748,0.95003,0.98864,0.98513,0.80266,0.6886,0.53923,0.95554,0.00137544,0.00137544,0.00137544
55,62.6984,0.78629,0.5483,1.00653,0.93574,0.98864,0.97827,0.7996,0.71811,0.5544,0.95725,0.00136994,0.00136994,0.00136994
56,63.797,0.80927,0.58634,1.02722,0.9657,0.98864,0.9767,0.75988,0.78537,0.53048,0.9919,0.00136444,0.00136444,0.00136444
57,64.8949,0.83775,0.59135,1.0436,0.98617,0.9803,0.9924,0.81451,0.68314,0.47671,0.93606,0.00135894,0.00135894,0.00135894
58,66.0088,0.83506,0.57886,1.02933,0.96978,0.98616,0.99249,0.80355,0.69391,0.49604,0.94698,0.00135344,0.00135344,0.00135344
59,67.12,0.77502,0.55626,0.9937,0.96599,0.92773,0.98417,0.7844,0.7458,0.55894,0.98182,0.00134794,0.00134794,0.00134794
60,68.2256,0.83415,0.56491,1.0248,0.95934,0.97107,0.98396,0.79138,0.72533,0.57459,0.94455,0.00134244,0.00134244,0.00134244
61,69.345,0.83032,0.56316,1.02582,0.96323,0.99943,0.99043,0.80385,0.70845,0.45117,0.94724,0.00133693,0.00133693,0.00133693
62,70.4553,0.80513,0.57131,1.01023,0.97332,0.99609,0.99402,0.78871,0.75754,0.4319,0.9574,0.00133143,0.00133143,0.00133143
63,71.5574,0.80802,0.56337,1.03986,0.98079,0.98158,0.99462,0.80873,0.71998,0.42451,0.94197,0.00132593,0.00132593,0.00132593
64,72.6596,0.83474,0.5619,1.02413,0.99078,0.9803,0.99462,0.80754,0.7193,0.43055,0.96642,0.00132043,0.00132043,0.00132043
65,73.7635,0.83039,0.56687,1.01838,0.99605,0.984,0.99478,0.79319,0.73232,0.42332,0.98643,0.00131493,0.00131493,0.00131493
66,74.8636,0.81724,0.54091,1.03989,0.99458,0.98814,0.99478,0.79369,0.72246,0.43332,0.98814,0.00130943,0.00130943,0.00130943
67,75.9715,0.80893,0.56254,1.00882,0.99899,0.99253,0.995,0.80282,0.70855,0.45369,0.96664,0.00130393,0.00130393,0.00130393
68,77.0713,0.7973,0.53741,1.02493,0.9902,0.99033,0.99352,0.79259,0.69404,0.47655,0.95332,0.00129843,0.00129843,0.00129843
69,78.1827,0.80404,0.54615,1.01829,0.98822,1,0.99352,0.79809,0.71209,0.47341,0.95987,0.00129293,0.00129293,0.00129293
70,79.2787,0.77381,0.55499,1.01565,0.97742,0.98951,0.99162,0.81618,0.67345,0.42872,0.93933,0.00128742,0.00128742,0.00128742
71,80.4017,0.77997,0.56124,0.99408,0.98355,0.98614,0.99394,0.81522,0.70265,0.45001,0.94238,0.00128192,0.00128192,0.00128192
72,81.5055,0.80112,0.55497,1.02456,0.98584,0.99167,0.99484,0.82021,0.6829,0.40861,0.94065,0.00127642,0.00127642,0.00127642
73,82.6088,0.74712,0.50805,0.9751,0.98096,0.9988,0.99384,0.82598,0.67584,0.43178,0.92789,0.00127092,0.00127092,0.00127092
74,83.7239,0.77634,0.5245,0.98987,0.97482,0.99869,0.99238,0.8182,0.66166,0.45486,0.91995,0.00126542,0.00126542,0.00126542
75,84.8287,0.75676,0.50877,1.00371,0.97495,0.99916,0.98507,0.81333,0.69277,0.44372,0.92872,0.00125992,0.00125992,0.00125992
76,85.9292,0.82775,0.53517,1.01069,0.97486,0.99278,0.97286,0.78642,0.67413,0.45885,0.93032,0.00125442,0.00125442,0.00125442
77,87.0545,0.78605,0.53857,1.00092,0.97433,0.99306,0.97238,0.77252,0.71661,0.50229,0.93704,0.00124892,0.00124892,0.00124892
78,88.1555,0.75946,0.50262,0.99111,0.97866,1,0.98379,0.78759,0.69723,0.54519,0.93341,0.00124342,0.00124342,0.00124342
79,89.2657,0.75365,0.49598,0.97813,0.98081,1,0.99075,0.80769,0.67047,0.56421,0.93717,0.00123791,0.00123791,0.00123791
80,90.3686,0.73746,0.49849,0.99369,0.98176,1,0.99311,0.79443,0.69617,0.55139,0.93828,0.00123241,0.00123241,0.00123241
81,91.4726,0.75902,0.50881,0.99934,0.9834,1,0.99287,0.81837,0.64816,0.46295,0.92032,0.00122691,0.00122691,0.00122691
82,92.582,0.7517,0.50145,1.00635,0.97575,1,0.99328,0.81526,0.70159,0.41139,0.93127,0.00122141,0.00122141,0.00122141
83,93.6853,0.70829,0.48356,0.99,0.97708,1,0.99308,0.82351,0.65148,0.3945,0.92441,0.00121591,0.00121591,0.00121591
84,94.8011,0.73689,0.48385,0.98409,0.98096,0.99968,0.99282,0.82331,0.65385,0.39886,0.9219,0.00121041,0.00121041,0.00121041
85,95.917,0.71276,0.49456,0.98257,0.97903,0.9934,0.98979,0.82447,0.67923,0.40795,0.92759,0.00120491,0.00120491,0.00120491
86,97.0128,0.74168,0.51517,0.99941,0.96968,0.99888,0.98826,0.8298,0.65678,0.43803,0.92248,0.00119941,0.00119941,0.00119941
87,98.1342,0.71637,0.48947,0.98116,0.97244,0.99297,0.98758,0.81658,0.64818,0.47707,0.92274,0.00119391,0.00119391,0.00119391
88,99.24,0.71886,0.49496,0.98352,0.97479,0.99296,0.99081,0.81432,0.65556,0.46732,0.93398,0.0011884,0.0011884,0.0011884
89,100.349,0.72708,0.47704,0.99079,0.98265,0.9832,0.99351,0.81253,0.66393,0.45563,0.9348,0.0011829,0.0011829,0.0011829
90,101.457,0.74013,0.47453,0.99191,0.97762,0.98777,0.98945,0.81045,0.67451,0.44701,0.92888,0.0011774,0.0011774,0.0011774
91,102.567,0.70655,0.47871,0.96838,0.98348,0.99386,0.98291,0.80212,0.7121,0.42264,0.94186,0.0011719,0.0011719,0.0011719
92,103.879,0.7143,0.45383,0.97377,0.97394,0.99509,0.98488,0.82085,0.66466,0.41514,0.92586,0.0011664,0.0011664,0.0011664
93,104.992,0.72665,0.47264,0.9766,0.96665,0.9871,0.98177,0.82062,0.68186,0.41912,0.93224,0.0011609,0.0011609,0.0011609
94,106.086,0.72493,0.48414,0.9869,0.9761,0.99435,0.99157,0.81861,0.66944,0.43214,0.93336,0.0011554,0.0011554,0.0011554
95,107.193,0.69822,0.45156,0.97452,0.97789,0.99907,0.99032,0.8284,0.64829,0.4448,0.916,0.0011499,0.0011499,0.0011499
96,108.301,0.69941,0.4722,0.97724,0.97034,1,0.99058,0.82264,0.64795,0.42943,0.91058,0.0011444,0.0011444,0.0011444
97,109.408,0.73848,0.47617,0.99936,0.96952,1,0.99189,0.82542,0.66153,0.44083,0.91258,0.00113889,0.00113889,0.00113889
98,110.509,0.75873,0.49898,1.00523,0.97095,1,0.99243,0.83939,0.65731,0.43631,0.9103,0.00113339,0.00113339,0.00113339
99,111.625,0.71181,0.45397,0.95774,0.97093,0.99167,0.99273,0.82681,0.68496,0.45915,0.91944,0.00112789,0.00112789,0.00112789
100,112.731,0.71992,0.46198,0.96628,0.96611,0.99167,0.99046,0.80939,0.70735,0.45478,0.92958,0.00112239,0.00112239,0.00112239
101,113.834,0.73881,0.47764,0.97287,0.96885,1,0.99014,0.81414,0.69558,0.43337,0.92788,0.00111689,0.00111689,0.00111689
102,114.943,0.76482,0.49156,0.9863,0.97704,1,0.99057,0.8141,0.6784,0.41213,0.93086,0.00111139,0.00111139,0.00111139
103,116.065,0.72971,0.47703,0.98191,0.97922,1,0.99083,0.8278,0.68643,0.40719,0.93984,0.00110589,0.00110589,0.00110589
104,117.175,0.70008,0.44471,0.96748,0.96638,0.99119,0.98377,0.82906,0.67864,0.41164,0.92437,0.00110039,0.00110039,0.00110039
105,118.279,0.7058,0.45272,0.96636,0.9737,0.99963,0.98981,0.83835,0.66063,0.40748,0.91303,0.00109489,0.00109489,0.00109489
106,119.384,0.66015,0.43754,0.96633,0.98078,1,0.9913,0.83801,0.64485,0.37923,0.90972,0.00108938,0.00108938,0.00108938
107,120.497,0.70166,0.44607,0.96946,0.98709,1,0.99287,0.81573,0.69385,0.3788,0.92969,0.00108388,0.00108388,0.00108388
108,121.619,0.71266,0.45634,0.98767,0.98049,1,0.99176,0.83075,0.64348,0.36263,0.91451,0.00107838,0.00107838,0.00107838
109,122.751,0.71493,0.45172,0.95171,0.98003,1,0.99087,0.83133,0.64934,0.37637,0.93039,0.00107288,0.00107288,0.00107288
110,123.86,0.74361,0.43964,0.96736,0.97811,1,0.99031,0.83074,0.64609,0.38527,0.91981,0.00106738,0.00106738,0.00106738
111,124.967,0.6748,0.43444,0.94215,0.97247,1,0.98798,0.82358,0.65747,0.40599,0.92787,0.00106188,0.00106188,0.00106188
112,126.079,0.71312,0.44256,0.97147,0.97449,1,0.98262,0.80783,0.68054,0.41614,0.93568,0.00105638,0.00105638,0.00105638
113,127.187,0.70819,0.44253,0.97811,0.96716,0.99067,0.97861,0.81543,0.67977,0.44228,0.92897,0.00105088,0.00105088,0.00105088
114,128.289,0.71376,0.43205,0.97014,0.95988,1,0.98536,0.82771,0.67312,0.42895,0.92398,0.00104538,0.00104538,0.00104538
115,129.402,0.72811,0.44858,0.99351,0.96862,0.98864,0.98593,0.8228,0.65798,0.42344,0.9241,0.00103987,0.00103987,0.00103987
116,130.504,0.71727,0.46262,0.96359,0.96765,0.98864,0.98762,0.83413,0.6471,0.41512,0.91758,0.00103437,0.00103437,0.00103437
117,131.612,0.67446,0.4351,0.96932,0.97766,0.98864,0.98892,0.83202,0.65439,0.39573,0.91456,0.00102887,0.00102887,0.00102887
118,132.713,0.68737,0.43689,0.97119,0.98091,0.9927,0.98798,0.83497,0.63262,0.3813,0.905,0.00102337,0.00102337,0.00102337
119,133.837,0.69116,0.42548,0.96352,0.97385,0.98837,0.97989,0.83058,0.66431,0.39577,0.91375,0.00101787,0.00101787,0.00101787
120,134.95,0.70743,0.46132,0.9764,0.98267,0.99232,0.98565,0.80303,0.68115,0.40718,0.92671,0.00101237,0.00101237,0.00101237
121,136.098,0.67893,0.43255,0.95491,0.98234,0.98493,0.98256,0.81323,0.66246,0.40811,0.91857,0.00100687,0.00100687,0.00100687
122,137.24,0.67687,0.43594,0.95686,0.9827,0.9924,0.98922,0.83376,0.68248,0.38697,0.92172,0.00100137,0.00100137,0.00100137
123,138.35,0.7049,0.4395,0.95441,0.98259,0.99328,0.98914,0.83544,0.68115,0.38249,0.92219,0.000995866,0.000995866,0.000995866
124,139.466,0.67973,0.44021,0.9626,0.98385,0.99399,0.99014,0.82552,0.66007,0.36424,0.92134,0.000990365,0.000990365,0.000990365
125,140.603,0.71434,0.45745,0.977,0.97444,1,0.98854,0.82535,0.66599,0.36329,0.92248,0.000984864,0.000984864,0.000984864
126,141.714,0.67431,0.44164,0.95621,0.97544,0.99322,0.98626,0.82833,0.63491,0.36364,0.90936,0.000979362,0.000979362,0.000979362
127,142.831,0.69194,0.44302,0.97099,0.97995,0.98864,0.98278,0.82414,0.62191,0.38288,0.9067,0.000973861,0.000973861,0.000973861
128,143.956,0.66867,0.4314,0.95662,0.97509,0.99469,0.98864,0.82359,0.64865,0.4092,0.90973,0.00096836,0.00096836,0.00096836
129,145.072,0.6843,0.41755,0.95067,0.97821,0.99892,0.98881,0.83472,0.65,0.46536,0.91928,0.000962859,0.000962859,0.000962859
130,146.195,0.71661,0.44982,0.96826,0.97684,0.99864,0.98884,0.83822,0.66044,0.47443,0.92252,0.000957358,0.000957358,0.000957358
131,147.317,0.65989,0.42409,0.94795,0.97743,0.99868,0.99052,0.84113,0.66703,0.40496,0.91452,0.000951857,0.000951857,0.000951857
132,148.444,0.67386,0.41918,0.94785,0.98026,0.99981,0.99172,0.83771,0.67909,0.36615,0.91789,0.000946356,0.000946356,0.000946356
133,149.546,0.68253,0.41871,0.95238,0.98159,1,0.99234,0.82639,0.67663,0.35126,0.91986,0.000940855,0.000940855,0.000940855
134,150.661,0.67692,0.42844,0.94892,0.98079,1,0.99259,0.83639,0.64802,0.3341,0.91119,0.000935354,0.000935354,0.000935354
135,151.753,0.6986,0.42031,0.96069,0.98202,1,0.99195,0.83628,0.64103,0.34234,0.91026,0.000929853,0.000929853,0.000929853
136,152.866,0.65501,0.4115,0.95449,0.98197,0.99997,0.99085,0.82443,0.68273,0.36041,0.92365,0.000924352,0.000924352,0.000924352
137,153.981,0.68131,0.41076,0.9558,0.98143,0.99924,0.99066,0.83289,0.65857,0.35663,0.91809,0.00091885,0.00091885,0.00091885
138,155.082,0.67086,0.41416,0.95581,0.98139,1,0.9903,0.84427,0.6202,0.35018,0.90384,0.000913349,0.000913349,0.000913349
139,156.404,0.66207,0.41643,0.95692,0.98017,1,0.99119,0.846,0.65165,0.3432,0.90565,0.000907848,0.000907848,0.000907848
140,157.544,0.68461,0.43824,0.95799,0.98036,1,0.99193,0.83748,0.64399,0.34182,0.90629,0.000902347,0.000902347,0.000902347
141,158.641,0.66313,0.4227,0.94311,0.98065,1,0.99301,0.83813,0.66238,0.3526,0.91486,0.000896846,0.000896846,0.000896846
142,159.737,0.65937,0.4181,0.94767,0.97932,0.9995,0.99301,0.83946,0.65206,0.35309,0.90862,0.000891345,0.000891345,0.000891345
143,160.832,0.67314,0.41771,0.95362,0.98315,0.9947,0.99317,0.83839,0.63786,0.3563,0.91017,0.000885844,0.000885844,0.000885844
144,161.93,0.65145,0.40158,0.93633,0.98386,0.99373,0.99234,0.83941,0.62207,0.37088,0.91291,0.000880343,0.000880343,0.000880343
145,163.028,0.6663,0.40713,0.95357,0.97836,0.98751,0.99158,0.83934,0.61136,0.37266,0.9149,0.000874842,0.000874842,0.000874842
146,164.131,0.65962,0.40794,0.95003,0.98082,0.98864,0.99112,0.84314,0.61225,0.37886,0.91594,0.00086934,0.00086934,0.00086934
147,165.231,0.64252,0.42062,0.96926,0.98083,0.98864,0.98794,0.82939,0.63274,0.38947,0.91984,0.000863839,0.000863839,0.000863839
148,166.34,0.66247,0.4158,0.95157,0.98211,0.99229,0.98836,0.84207,0.6362,0.37224,0.91529,0.000858338,0.000858338,0.000858338
149,167.439,0.63671,0.40598,0.9513,0.97972,1,0.98938,0.84154,0.62602,0.36245,0.90697,0.000852837,0.000852837,0.000852837
150,168.551,0.64403,0.41021,0.95944,0.97873,1,0.99166,0.8429,0.62422,0.35955,0.9057,0.000847336,0.000847336,0.000847336
151,169.654,0.68096,0.41559,0.97599,0.97518,1,0.99284,0.83957,0.62652,0.36976,0.90743,0.000841835,0.000841835,0.000841835
152,170.765,0.62961,0.39121,0.93028,0.9714,1,0.99259,0.83738,0.63707,0.4155,0.91372,0.000836334,0.000836334,0.000836334
153,171.869,0.65215,0.41196,0.94679,0.97153,0.99869,0.99152,0.83577,0.63342,0.43885,0.9132,0.000830833,0.000830833,0.000830833
154,172.98,0.64703,0.39954,0.95151,0.96187,1,0.99126,0.84347,0.6433,0.40989,0.91226,0.000825332,0.000825332,0.000825332
155,174.094,0.65071,0.40636,0.9425,0.97718,0.99691,0.99155,0.8549,0.6268,0.36992,0.90275,0.000819831,0.000819831,0.000819831
156,175.225,0.69134,0.41492,0.96728,0.98033,1,0.99138,0.85179,0.62548,0.37156,0.89832,0.000814329,0.000814329,0.000814329
157,176.332,0.67611,0.41574,0.96435,0.98163,1,0.99192,0.84241,0.64001,0.36422,0.90989,0.000808828,0.000808828,0.000808828
158,177.442,0.67961,0.40231,0.95733,0.98722,1,0.99369,0.83643,0.62382,0.35355,0.90884,0.000803327,0.000803327,0.000803327
159,178.539,0.66411,0.40712,0.94786,0.98778,0.99811,0.99369,0.84177,0.63661,0.35018,0.91007,0.000797826,0.000797826,0.000797826
160,179.653,0.64546,0.39354,0.95406,0.98251,1,0.99242,0.84133,0.64244,0.3457,0.90877,0.000792325,0.000792325,0.000792325
161,180.761,0.64177,0.40647,0.93074,0.98221,0.99829,0.9914,0.84103,0.6355,0.34898,0.91214,0.000786824,0.000786824,0.000786824
162,181.866,0.62699,0.39586,0.9399,0.98217,0.99871,0.99238,0.84595,0.62951,0.34173,0.9104,0.000781323,0.000781323,0.000781323
163,182.97,0.64862,0.39311,0.95254,0.98175,0.9968,0.99324,0.84761,0.6267,0.33021,0.90493,0.000775822,0.000775822,0.000775822
164,184.072,0.6124,0.3807,0.94513,0.98384,0.99303,0.99376,0.84451,0.6389,0.33716,0.90657,0.000770321,0.000770321,0.000770321
165,185.178,0.64701,0.39818,0.95056,0.97881,0.98864,0.98702,0.83921,0.64366,0.3396,0.90939,0.00076482,0.00076482,0.00076482
166,186.288,0.65762,0.40179,0.95678,0.97973,0.98864,0.99156,0.84712,0.63658,0.33879,0.90781,0.000759318,0.000759318,0.000759318
167,187.397,0.64881,0.40267,0.95016,0.9789,0.98864,0.99101,0.84372,0.64249,0.35423,0.90597,0.000753817,0.000753817,0.000753817
168,188.501,0.65005,0.39965,0.94219,0.97421,0.98864,0.99139,0.83807,0.653,0.35034,0.90636,0.000748316,0.000748316,0.000748316
169,189.602,0.6615,0.3991,0.95031,0.97724,0.99475,0.99219,0.84106,0.63039,0.33972,0.89981,0.000742815,0.000742815,0.000742815
170,190.716,0.60203,0.37775,0.93922,0.97593,1,0.99247,0.83953,0.61747,0.33007,0.89738,0.000737314,0.000737314,0.000737314
171,191.822,0.63647,0.38331,0.94395,0.98108,1,0.99311,0.84487,0.61997,0.33774,0.90273,0.000731813,0.000731813,0.000731813
172,192.935,0.64235,0.38359,0.93797,0.98592,1,0.99311,0.84135,0.6309,0.33945,0.90951,0.000726312,0.000726312,0.000726312
173,194.055,0.5899,0.3593,0.9209,0.9874,1,0.99311,0.84709,0.6183,0.33374,0.90849,0.000720811,0.000720811,0.000720811
174,195.154,0.64619,0.39122,0.96038,0.98565,1,0.99328,0.85056,0.61029,0.32465,0.90531,0.00071531,0.00071531,0.00071531
175,196.256,0.61927,0.3815,0.92985,0.98551,1,0.99352,0.84761,0.61377,0.31727,0.90443,0.000709809,0.000709809,0.000709809
176,197.369,0.62294,0.38039,0.9496,0.98527,1,0.99295,0.85031,0.61841,0.3134,0.90154,0.000704307,0.000704307,0.000704307
177,198.475,0.61724,0.41804,0.93035,0.9814,1,0.99295,0.84465,0.61679,0.3164,0.89675,0.000698806,0.000698806,0.000698806
178,199.592,0.61156,0.38921,0.93356,0.98052,1,0.99295,0.84334,0.61691,0.31811,0.89791,0.000693305,0.000693305,0.000693305
179,200.701,0.6239,0.38184,0.93524,0.98097,1,0.99328,0.85261,0.61255,0.31622,0.89968,0.000687804,0.000687804,0.000687804
180,201.831,0.64831,0.39262,0.95004,0.98543,1,0.99311,0.84167,0.63271,0.3203,0.89802,0.000682303,0.000682303,0.000682303
181,202.932,0.6059,0.378,0.93036,0.98561,1,0.99295,0.84887,0.63945,0.32828,0.89818,0.000676802,0.000676802,0.000676802
182,204.043,0.64271,0.38087,0.95008,0.98511,1,0.9927,0.84458,0.62405,0.33073,0.8993,0.000671301,0.000671301,0.000671301
183,205.14,0.60851,0.3782,0.91614,0.98707,1,0.9927,0.85243,0.60693,0.32692,0.89904,0.0006658,0.0006658,0.0006658
184,206.25,0.57697,0.35387,0.92593,0.98796,1,0.9927,0.84126,0.61145,0.31414,0.90231,0.000660299,0.000660299,0.000660299
185,207.359,0.63091,0.37772,0.92759,0.98747,1,0.99246,0.84925,0.60357,0.31172,0.9044,0.000654798,0.000654798,0.000654798
186,208.676,0.61269,0.36059,0.93689,0.98804,1,0.99352,0.85686,0.60587,0.30606,0.89814,0.000649297,0.000649297,0.000649297
187,209.802,0.61067,0.39026,0.95149,0.98871,1,0.99459,0.84842,0.61599,0.29999,0.89961,0.000643795,0.000643795,0.000643795
188,210.908,0.63511,0.39008,0.93758,0.98885,1,0.99492,0.85402,0.61416,0.30697,0.90054,0.000638294,0.000638294,0.000638294
189,212.011,0.6132,0.40049,0.92955,0.98739,0.9986,0.99459,0.85538,0.61884,0.31441,0.90276,0.000632793,0.000632793,0.000632793
190,213.112,0.64558,0.38964,0.9467,0.98351,0.99912,0.99475,0.84113,0.63112,0.31472,0.89983,0.000627292,0.000627292,0.000627292
191,214.216,0.61761,0.37189,0.92742,0.98657,1,0.99492,0.84207,0.62724,0.32057,0.898,0.000621791,0.000621791,0.000621791
192,215.325,0.64244,0.3776,0.93765,0.98817,0.99895,0.99369,0.8467,0.61451,0.32147,0.8981,0.00061629,0.00061629,0.00061629
193,216.427,0.61098,0.35836,0.91403,0.98306,0.9998,0.99295,0.83765,0.64026,0.32086,0.90585,0.000610789,0.000610789,0.000610789
194,217.534,0.62084,0.3691,0.94007,0.98093,0.99901,0.99197,0.83811,0.6423,0.32923,0.90514,0.000605288,0.000605288,0.000605288
195,218.629,0.6389,0.37634,0.95762,0.98133,0.99934,0.98923,0.84048,0.62568,0.33712,0.90499,0.000599787,0.000599787,0.000599787
196,219.741,0.61636,0.36359,0.92223,0.98168,1,0.98842,0.84568,0.61038,0.3384,0.89823,0.000594286,0.000594286,0.000594286
197,220.841,0.59995,0.37139,0.93187,0.98087,1,0.98701,0.8388,0.61556,0.35381,0.89492,0.000588784,0.000588784,0.000588784
198,221.937,0.61318,0.37479,0.94471,0.97306,0.99167,0.98038,0.84255,0.60234,0.34737,0.88958,0.000583283,0.000583283,0.000583283
199,223.039,0.61231,0.37303,0.92844,0.97355,0.99167,0.98042,0.848,0.59808,0.33355,0.888,0.000577782,0.000577782,0.000577782
200,224.132,0.6085,0.36762,0.91012,0.96174,0.99094,0.98197,0.84854,0.59714,0.33553,0.89047,0.000572281,0.000572281,0.000572281
201,225.241,0.61218,0.39152,0.93196,0.97484,1,0.98898,0.85988,0.60358,0.33443,0.89275,0.00056678,0.00056678,0.00056678
202,226.37,0.612,0.36591,0.93319,0.97453,1,0.98923,0.86194,0.60647,0.33343,0.8906,0.000561279,0.000561279,0.000561279
203,227.518,0.60684,0.36876,0.93184,0.97473,1,0.99005,0.85828,0.61176,0.33497,0.89129,0.000555778,0.000555778,0.000555778
204,228.635,0.61291,0.36404,0.92563,0.97785,1,0.99024,0.8605,0.6084,0.32905,0.88727,0.000550277,0.000550277,0.000550277
205,229.758,0.60987,0.3699,0.92127,0.98043,1,0.9906,0.85643,0.60836,0.31887,0.88606,0.000544776,0.000544776,0.000544776
206,230.866,0.58839,0.3588,0.91946,0.98041,1,0.9913,0.85826,0.61095,0.31318,0.88809,0.000539275,0.000539275,0.000539275
207,231.997,0.62227,0.37355,0.95064,0.97955,1,0.99276,0.85553,0.61205,0.30919,0.89032,0.000533773,0.000533773,0.000533773
208,233.112,0.60063,0.36724,0.93621,0.98777,0.99167,0.99367,0.8606,0.6094,0.30984,0.89571,0.000528272,0.000528272,0.000528272
209,234.223,0.60795,0.36213,0.92559,0.98835,0.99957,0.9941,0.85792,0.60572,0.317,0.90111,0.000522771,0.000522771,0.000522771
210,235.345,0.58544,0.34746,0.908,0.98793,1,0.99352,0.85485,0.61709,0.32922,0.90112,0.00051727,0.00051727,0.00051727
211,236.454,0.61157,0.35746,0.93526,0.98771,1,0.99287,0.84191,0.62286,0.33897,0.90065,0.000511769,0.000511769,0.000511769
212,237.559,0.6123,0.35232,0.93205,0.98838,1,0.9927,0.83776,0.62253,0.33872,0.90159,0.000506268,0.000506268,0.000506268
213,238.662,0.60402,0.36785,0.91972,0.98803,1,0.99295,0.83308,0.64458,0.33244,0.90892,0.000500767,0.000500767,0.000500767
214,239.782,0.59357,0.36066,0.92687,0.97867,0.99167,0.9863,0.83886,0.64819,0.33135,0.90814,0.000495266,0.000495266,0.000495266
215,240.888,0.57262,0.35922,0.91281,0.98014,1,0.99096,0.84531,0.6297,0.32791,0.89978,0.000489765,0.000489765,0.000489765
216,241.985,0.60518,0.3661,0.94051,0.98043,1,0.99007,0.84205,0.61082,0.3251,0.89261,0.000484263,0.000484263,0.000484263
217,243.102,0.59239,0.35243,0.92016,0.9808,1,0.99184,0.85259,0.60221,0.31888,0.88852,0.000478762,0.000478762,0.000478762
218,244.233,0.60008,0.35268,0.91872,0.98072,1,0.99242,0.85963,0.60246,0.31318,0.88922,0.000473261,0.000473261,0.000473261
219,245.338,0.59026,0.35851,0.92752,0.98066,1,0.99058,0.86204,0.60149,0.3168,0.89034,0.00046776,0.00046776,0.00046776
220,246.481,0.56147,0.35481,0.91361,0.98068,1,0.98912,0.85468,0.59608,0.31553,0.88897,0.000462259,0.000462259,0.000462259
221,247.582,0.57245,0.34551,0.92974,0.98101,1,0.9888,0.85228,0.60728,0.31123,0.89187,0.000456758,0.000456758,0.000456758
222,248.685,0.59675,0.35525,0.9167,0.98154,1,0.99096,0.84985,0.61775,0.30884,0.89672,0.000451257,0.000451257,0.000451257
223,249.792,0.63022,0.36072,0.93657,0.98413,1,0.99213,0.8506,0.62735,0.3117,0.90528,0.000445756,0.000445756,0.000445756
224,250.888,0.60856,0.3572,0.93507,0.98415,1,0.99295,0.85118,0.62234,0.3037,0.90727,0.000440255,0.000440255,0.000440255
225,251.995,0.59258,0.3605,0.91689,0.98359,1,0.99352,0.85442,0.61063,0.30019,0.90098,0.000434754,0.000434754,0.000434754
226,253.092,0.56952,0.33223,0.91655,0.98408,1,0.99311,0.85877,0.61087,0.29296,0.89797,0.000429253,0.000429253,0.000429253
227,254.197,0.59628,0.34972,0.92865,0.98534,1,0.99287,0.85742,0.60993,0.29348,0.8962,0.000423751,0.000423751,0.000423751
228,255.301,0.60634,0.35583,0.93705,0.97966,1,0.99301,0.84983,0.60774,0.2955,0.89093,0.00041825,0.00041825,0.00041825
229,256.414,0.61002,0.3735,0.93141,0.97918,0.99986,0.99301,0.8564,0.61034,0.2948,0.88529,0.000412749,0.000412749,0.000412749
230,257.516,0.58244,0.34044,0.92047,0.97773,0.99936,0.99284,0.85831,0.62452,0.29742,0.88642,0.000407248,0.000407248,0.000407248
231,258.626,0.58212,0.34051,0.92017,0.97722,0.99928,0.99259,0.86282,0.62728,0.30235,0.88932,0.000401747,0.000401747,0.000401747
232,259.738,0.58977,0.3513,0.91495,0.97805,0.99936,0.99176,0.86203,0.60925,0.30376,0.88861,0.000396246,0.000396246,0.000396246
233,261.054,0.56279,0.33247,0.91375,0.97986,1,0.99057,0.86531,0.59643,0.30625,0.88839,0.000390745,0.000390745,0.000390745
234,262.177,0.59297,0.35034,0.92888,0.9809,1,0.98916,0.86229,0.59097,0.31279,0.88669,0.000385244,0.000385244,0.000385244
235,263.292,0.55927,0.33386,0.90987,0.98124,1,0.98922,0.85367,0.59643,0.30878,0.88897,0.000379743,0.000379743,0.000379743
236,264.404,0.57047,0.33779,0.92166,0.98115,1,0.9894,0.85547,0.59748,0.31174,0.89115,0.000374242,0.000374242,0.000374242
237,265.508,0.59329,0.35139,0.91541,0.98111,1,0.98989,0.84815,0.59331,0.31468,0.8877,0.00036874,0.00036874,0.00036874
238,266.614,0.57797,0.3449,0.91222,0.98093,1,0.98997,0.8546,0.5958,0.32176,0.88706,0.000363239,0.000363239,0.000363239
239,267.713,0.56873,0.3485,0.9249,0.98118,1,0.99018,0.84602,0.60558,0.32554,0.88863,0.000357738,0.000357738,0.000357738
240,268.817,0.56969,0.33854,0.91661,0.98153,1,0.98997,0.84146,0.60639,0.32411,0.88874,0.000352237,0.000352237,0.000352237
241,269.928,0.60025,0.35703,0.92575,0.98117,1,0.98997,0.84474,0.60425,0.32051,0.88578,0.000346736,0.000346736,0.000346736
242,271.032,0.56214,0.34245,0.92141,0.98104,1,0.99148,0.8537,0.59939,0.31904,0.88383,0.000341235,0.000341235,0.000341235
243,272.126,0.57086,0.33258,0.93747,0.98079,1,0.99178,0.85412,0.59081,0.30733,0.88231,0.000335734,0.000335734,0.000335734
244,273.23,0.54375,0.32033,0.90207,0.98063,1,0.99184,0.85686,0.59523,0.2979,0.8848,0.000330233,0.000330233,0.000330233
245,274.338,0.55692,0.32616,0.91752,0.98071,1,0.99204,0.85322,0.60149,0.29756,0.88537,0.000324732,0.000324732,0.000324732
246,275.457,0.56179,0.33188,0.90477,0.9813,1,0.9927,0.85359,0.60567,0.29891,0.88718,0.000319231,0.000319231,0.000319231
247,276.563,0.6008,0.34446,0.92553,0.98638,1,0.9927,0.85396,0.60461,0.29404,0.89042,0.000313729,0.000313729,0.000313729
248,277.661,0.5434,0.32898,0.91313,0.98601,1,0.99287,0.85545,0.59791,0.28862,0.89321,0.000308228,0.000308228,0.000308228
249,278.768,0.53839,0.3246,0.90009,0.98771,1,0.99336,0.85322,0.58583,0.28548,0.8924,0.000302727,0.000302727,0.000302727
250,279.872,0.5457,0.33215,0.90371,0.98777,1,0.99352,0.8542,0.58249,0.28209,0.891,0.000297226,0.000297226,0.000297226
251,280.97,0.54552,0.31393,0.90487,0.98794,1,0.99352,0.85887,0.58939,0.28309,0.89296,0.000291725,0.000291725,0.000291725
252,282.069,0.53141,0.32127,0.89803,0.9881,1,0.99434,0.85405,0.59806,0.28082,0.89598,0.000286224,0.000286224,0.000286224
253,283.176,0.5243,0.3199,0.91361,0.98814,1,0.99451,0.85863,0.59315,0.28397,0.89453,0.000280723,0.000280723,0.000280723
254,284.289,0.56592,0.32954,0.89518,0.9878,1,0.99434,0.86462,0.59144,0.28608,0.89173,0.000275222,0.000275222,0.000275222
255,285.386,0.52089,0.31339,0.88447,0.98779,1,0.99311,0.86168,0.59509,0.28929,0.89019,0.000269721,0.000269721,0.000269721
256,286.491,0.51781,0.31685,0.88438,0.98824,1,0.99311,0.85968,0.59686,0.28496,0.88996,0.00026422,0.00026422,0.00026422
257,287.587,0.53334,0.32056,0.90843,0.98838,1,0.99311,0.86214,0.59059,0.27923,0.88802,0.000258718,0.000258718,0.000258718
258,288.692,0.56737,0.33411,0.91841,0.98841,1,0.99328,0.8612,0.5932,0.28326,0.88736,0.000253217,0.000253217,0.000253217
259,289.794,0.54487,0.32594,0.90889,0.9885,1,0.99328,0.85783,0.59738,0.2815,0.88731,0.000247716,0.000247716,0.000247716
260,290.892,0.56862,0.32202,0.91708,0.98862,1,0.99328,0.85715,0.60303,0.27731,0.88903,0.000242215,0.000242215,0.000242215
261,291.985,0.5428,0.31743,0.89685,0.98889,1,0.99328,0.85298,0.61139,0.28419,0.89091,0.000236714,0.000236714,0.000236714
262,293.088,0.5415,0.32392,0.90943,0.98911,1,0.99311,0.85526,0.61301,0.28477,0.89359,0.000231213,0.000231213,0.000231213
263,294.197,0.55939,0.32584,0.91433,0.98932,1,0.99311,0.85794,0.61091,0.28324,0.89421,0.000225712,0.000225712,0.000225712
264,295.29,0.53727,0.32948,0.90817,0.98863,1,0.99287,0.85482,0.60449,0.28835,0.89159,0.000220211,0.000220211,0.000220211
265,296.402,0.52744,0.31166,0.88944,0.98643,1,0.9927,0.85597,0.60241,0.29545,0.89024,0.00021471,0.00021471,0.00021471
266,297.497,0.55159,0.31827,0.90735,0.9829,1,0.99254,0.85839,0.60119,0.29383,0.88923,0.000209209,0.000209209,0.000209209
267,298.66,0.52947,0.30932,0.90708,0.98203,1,0.99254,0.86224,0.59886,0.29496,0.8872,0.000203707,0.000203707,0.000203707
268,299.766,0.5341,0.3169,0.91297,0.98167,1,0.99223,0.86541,0.59741,0.29542,0.88495,0.000198206,0.000198206,0.000198206
269,300.882,0.54522,0.32056,0.91439,0.9817,1,0.99195,0.86511,0.59907,0.29738,0.88506,0.000192705,0.000192705,0.000192705
270,301.982,0.5127,0.29694,0.90354,0.98163,1,0.99214,0.86506,0.60702,0.29818,0.8862,0.000187204,0.000187204,0.000187204
271,303.104,0.54101,0.31669,0.89755,0.98172,1,0.99214,0.8624,0.60453,0.2993,0.88613,0.000181703,0.000181703,0.000181703
272,304.209,0.52649,0.32266,0.89233,0.9818,1,0.99161,0.85842,0.59614,0.29927,0.88339,0.000176202,0.000176202,0.000176202
273,305.31,0.51179,0.31296,0.88715,0.98171,1,0.99178,0.86977,0.58724,0.29434,0.88158,0.000170701,0.000170701,0.000170701
274,306.429,0.55147,0.32372,0.90503,0.98146,1,0.99123,0.86913,0.58303,0.29388,0.88124,0.0001652,0.0001652,0.0001652
275,307.554,0.5521,0.31613,0.91447,0.98107,1,0.99085,0.87009,0.58256,0.29183,0.88171,0.000159699,0.000159699,0.000159699
276,308.671,0.53922,0.33069,0.90181,0.98073,1,0.99092,0.86997,0.58511,0.28717,0.88231,0.000154198,0.000154198,0.000154198
277,309.786,0.52628,0.31213,0.91214,0.98061,1,0.99075,0.86506,0.59033,0.28506,0.88449,0.000148696,0.000148696,0.000148696
278,310.915,0.53558,0.31015,0.90068,0.98072,1,0.9913,0.86098,0.59082,0.28242,0.88565,0.000143195,0.000143195,0.000143195
279,312.025,0.53002,0.30365,0.88174,0.98151,1,0.99189,0.86238,0.58841,0.2791,0.88667,0.000137694,0.000137694,0.000137694
280,313.4,0.51358,0.31538,0.90331,0.98184,1,0.9923,0.8699,0.58594,0.27983,0.88723,0.000132193,0.000132193,0.000132193
281,314.496,0.54146,0.31617,0.89696,0.98209,1,0.99254,0.8686,0.58497,0.28308,0.88668,0.000126692,0.000126692,0.000126692
282,315.635,0.51766,0.30064,0.8816,0.98241,1,0.99254,0.86545,0.58926,0.28665,0.88773,0.000121191,0.000121191,0.000121191
283,316.755,0.50213,0.30138,0.89779,0.98395,1,0.99254,0.86676,0.59387,0.28393,0.88718,0.00011569,0.00011569,0.00011569
284,317.864,0.49381,0.29174,0.89419,0.98642,1,0.9927,0.85832,0.59614,0.28305,0.88706,0.000110189,0.000110189,0.000110189
285,318.968,0.51958,0.30672,0.89893,0.98755,1,0.99287,0.859,0.59541,0.28263,0.8861,0.000104688,0.000104688,0.000104688
286,320.067,0.51865,0.30179,0.90061,0.98738,1,0.99287,0.86008,0.59254,0.28417,0.88616,9.91865e-05,9.91865e-05,9.91865e-05
287,321.192,0.53548,0.30631,0.9039,0.98687,1,0.99287,0.85767,0.58995,0.2817,0.88542,9.36854e-05,9.36854e-05,9.36854e-05
288,322.309,0.49607,0.30232,0.91025,0.9856,1,0.9927,0.859,0.59071,0.28275,0.88494,8.81843e-05,8.81843e-05,8.81843e-05
289,323.417,0.51061,0.30352,0.8869,0.98572,1,0.9927,0.8591,0.5916,0.28308,0.88511,8.26832e-05,8.26832e-05,8.26832e-05
290,324.522,0.51684,0.30232,0.9103,0.9852,1,0.9927,0.8614,0.59286,0.28243,0.88556,7.71821e-05,7.71821e-05,7.71821e-05
291,326.143,0.48848,0.27552,0.88238,0.98226,1,0.99254,0.85898,0.59681,0.28802,0.88727,7.1681e-05,7.1681e-05,7.1681e-05
292,327.264,0.48043,0.28006,0.8881,0.98164,1,0.99242,0.85859,0.5991,0.28913,0.88865,6.61799e-05,6.61799e-05,6.61799e-05
293,328.361,0.47503,0.27111,0.87267,0.9816,1,0.99157,0.85516,0.59703,0.29161,0.88945,6.06788e-05,6.06788e-05,6.06788e-05
294,329.454,0.47786,0.26743,0.85848,0.98143,1,0.99104,0.85279,0.5922,0.29439,0.88865,5.51777e-05,5.51777e-05,5.51777e-05
295,330.545,0.4819,0.26728,0.88752,0.98135,1,0.99065,0.85301,0.58918,0.2947,0.88758,4.96766e-05,4.96766e-05,4.96766e-05
296,331.655,0.48831,0.26797,0.88155,0.98134,1,0.99032,0.85227,0.58889,0.29268,0.88794,4.41755e-05,4.41755e-05,4.41755e-05
297,332.747,0.46289,0.26923,0.87797,0.98129,1,0.99003,0.85211,0.58788,0.29245,0.88689,3.86744e-05,3.86744e-05,3.86744e-05
298,333.846,0.4714,0.27106,0.87216,0.98134,1,0.99005,0.85741,0.58767,0.29376,0.88614,3.31733e-05,3.31733e-05,3.31733e-05
299,334.95,0.47949,0.26745,0.8694,0.98135,1,0.99016,0.85487,0.58831,0.2967,0.88547,2.76722e-05,2.76722e-05,2.76722e-05
300,336.057,0.46635,0.25904,0.86951,0.9814,1,0.99016,0.85213,0.58886,0.29421,0.88496,2.21711e-05,2.21711e-05,2.21711e-05
